{"cameraMode":{"drawMode":0,"name":"Shaded","section":"Shading Mode"},"sceneLighting":false,"audioPlay":false,"sceneViewState":{"showFog":false,"showMaterialUpdate":false,"showSkybox":false,"showFlares":false,"showImageEffects":false,"showParticleSystems":false},"in2DMode":false,"pivot":{"x":0.05566483736038208,"y":-0.7330224514007568,"z":0.31747525930404665},"rotation":{"x":0.041768450289964679,"y":-0.9248439073562622,"z":0.36277148127555849,"w":0.10645520687103272},"size":8.956531524658204,"orthographic":false}