{"cameraMode":{"drawMode":0,"name":"Shaded","section":"Shading Mode"},"sceneLighting":false,"audioPlay":false,"sceneViewState":{"showFog":false,"showMaterialUpdate":false,"showSkybox":false,"showFlares":false,"showImageEffects":false,"showParticleSystems":false},"in2DMode":false,"pivot":{"x":0.10311317443847656,"y":2.9366278648376467,"z":-0.22475767135620118},"rotation":{"x":0.03599192574620247,"y":0.002414764603599906,"z":-0.00008364680979866534,"w":0.9993548393249512},"size":4.053964138031006,"orthographic":false}