{"cameraMode":{"drawMode":0,"name":"Shaded","section":"Shading Mode"},"sceneLighting":false,"audioPlay":false,"sceneViewState":{"showFog":false,"showMaterialUpdate":false,"showSkybox":false,"showFlares":false,"showImageEffects":false,"showParticleSystems":false},"in2DMode":false,"pivot":{"x":-0.23159408569335938,"y":3.195018768310547,"z":-0.08332586288452149},"rotation":{"x":0.16706880927085877,"y":0.04082329571247101,"z":-0.006917828228324652,"w":0.9850842952728272},"size":3.782991886138916,"orthographic":false}