{"cameraMode":{"drawMode":0,"name":"Shaded","section":"Shading Mode"},"sceneLighting":false,"audioPlay":false,"sceneViewState":{"showFog":false,"showMaterialUpdate":false,"showSkybox":false,"showFlares":false,"showImageEffects":false,"showParticleSystems":false},"in2DMode":false,"pivot":{"x":-0.009193342179059983,"y":0.5391547083854675,"z":-0.2803802788257599},"rotation":{"x":-0.08193163573741913,"y":-0.10682684928178787,"z":-0.008833213709294796,"w":0.9908564686775208},"size":0.11860991269350052,"orthographic":false}