{"cameraMode":{"drawMode":0,"name":"Shaded","section":"Shading Mode"},"sceneLighting":false,"audioPlay":false,"sceneViewState":{"showFog":false,"showMaterialUpdate":false,"showSkybox":false,"showFlares":false,"showImageEffects":false,"showParticleSystems":false},"in2DMode":false,"pivot":{"x":-0.12309049814939499,"y":0.015941835939884187,"z":-0.5120846629142761},"rotation":{"x":0.0024316611234098675,"y":-0.9975700378417969,"z":0.04941970482468605,"w":0.049133043736219409},"size":0.481390118598938,"orthographic":false}