{"cameraMode":{"drawMode":0,"name":"Shaded","section":"Shading Mode"},"sceneLighting":false,"audioPlay":false,"sceneViewState":{"showFog":false,"showMaterialUpdate":false,"showSkybox":false,"showFlares":false,"showImageEffects":false,"showParticleSystems":false},"in2DMode":false,"pivot":{"x":0.15312226116657258,"y":0.026402093470096589,"z":0.23056438565254212},"rotation":{"x":0.0683300718665123,"y":-0.1345466673374176,"z":0.009236224927008152,"w":0.9885975122451782},"size":0.1279291808605194,"orthographic":false}