{"cameraMode":{"drawMode":0,"name":"Shaded","section":"Shading Mode"},"sceneLighting":false,"audioPlay":false,"sceneViewState":{"showFog":false,"showMaterialUpdate":false,"showSkybox":false,"showFlares":false,"showImageEffects":false,"showParticleSystems":false},"in2DMode":false,"pivot":{"x":2.384185791015625e-7,"y":0.0,"z":2.980232238769531e-7},"rotation":{"x":0.06803432106971741,"y":0.16181620955467225,"z":-0.011173902079463005,"w":0.9844287633895874},"size":1.305269479751587,"orthographic":false}