{"cameraMode":{"drawMode":0,"name":"Shaded","section":"Shading Mode"},"sceneLighting":false,"audioPlay":false,"sceneViewState":{"showFog":false,"showMaterialUpdate":false,"showSkybox":false,"showFlares":false,"showImageEffects":false,"showParticleSystems":false},"in2DMode":false,"pivot":{"x":-0.14541923999786378,"y":1.4102394580841065,"z":-0.16419368982315064},"rotation":{"x":-0.0236570592969656,"y":-0.9645795226097107,"z":0.09289009124040604,"w":-0.2458818405866623},"size":1.8761581182479859,"orthographic":false}