{"cameraMode":{"drawMode":0,"name":"Shaded","section":"Shading Mode"},"sceneLighting":true,"audioPlay":false,"sceneViewState":{"showFog":true,"showMaterialUpdate":true,"showSkybox":true,"showFlares":true,"showImageEffects":true,"showParticleSystems":true},"in2DMode":false,"pivot":{"x":0.08895304054021836,"y":0.06567991524934769,"z":0.9796148538589478},"rotation":{"x":0.046482861042022708,"y":0.004495282657444477,"z":-0.00020924081036355346,"w":0.9989105463027954},"size":0.6399999856948853,"orthographic":false}