{"cameraMode":{"drawMode":0,"name":"Shaded","section":"Shading Mode"},"sceneLighting":true,"audioPlay":false,"sceneViewState":{"showFog":false,"showMaterialUpdate":false,"showSkybox":false,"showFlares":false,"showImageEffects":false,"showParticleSystems":false},"in2DMode":false,"pivot":{"x":0.4408237934112549,"y":0.6301342248916626,"z":0.25513824820518496},"rotation":{"x":-0.19375136494636537,"y":0.7987704277038574,"z":-0.3370649814605713,"w":-0.45914942026138308},"size":0.07742977142333985,"orthographic":false}