{"cameraMode":{"drawMode":0,"name":"Shaded","section":"Shading Mode"},"sceneLighting":false,"audioPlay":false,"sceneViewState":{"showFog":false,"showMaterialUpdate":false,"showSkybox":false,"showFlares":false,"showImageEffects":false,"showParticleSystems":false},"in2DMode":false,"pivot":{"x":-0.736018180847168,"y":0.5522048473358154,"z":0.39159536361694338},"rotation":{"x":-0.158624067902565,"y":-0.6980229020118713,"z":0.16307298839092256,"w":-0.6790129542350769},"size":1.940833568572998,"orthographic":false}